rank,condition,family_id,house,history_id,task_id,model,session,label,total_decisions,autonomous_decisions,collisions,stopped,repeated_decisions,budget_exhausted,reached_ready,ready_at_stop,stopped_without_terminal,stopped_without_prior_anchor,reached_ready_but_no_valid_stop,stop_native_margin
0,0,V15_NEW_006197dc83ec323cae10,wc2JMjhGNzB,H_A,task_A,S1_B1_1209,continuation_run_003,fail,168,50,0,True,0,False,True,False,True,False,True,0.043398767709732056
1,0,V15_NEW_006197dc83ec323cae10,wc2JMjhGNzB,H_A,task_A,S1_B2_1209,continuation_run_003,fail,500,382,0,False,118,True,True,False,False,False,True,
2,0,V15_NEW_006197dc83ec323cae10,wc2JMjhGNzB,H_A,task_A,S1_Ours_1209,continuation_run_003,unknown,500,382,374,False,370,True,True,False,False,False,True,
3,0,V15_NEW_006197dc83ec323cae10,wc2JMjhGNzB,H_A,task_A,S1_B1_1210,continuation_run_003,fail,500,382,0,False,214,True,True,False,False,False,True,
4,0,V15_NEW_006197dc83ec323cae10,wc2JMjhGNzB,H_A,task_A,S1_B2_1210,continuation_run_003,unknown,500,382,374,False,370,True,True,False,False,False,True,
5,0,V15_NEW_006197dc83ec323cae10,wc2JMjhGNzB,H_A,task_A,S1_Ours_1210,continuation_run_003,unknown,500,382,303,False,295,True,True,False,False,False,True,
6,0,V15_NEW_006197dc83ec323cae10,wc2JMjhGNzB,H_A,task_A,S1_B1_1211,continuation_run_003,fail,184,66,0,True,0,False,True,False,True,False,True,0.473907470703125
7,0,V15_NEW_006197dc83ec323cae10,wc2JMjhGNzB,H_A,task_A,S1_B2_1211,continuation_run_003,fail,159,41,0,True,0,False,True,False,True,False,True,0.5833837985992432
8,0,V15_NEW_006197dc83ec323cae10,wc2JMjhGNzB,H_A,task_A,S1_Ours_1211,continuation_run_003,unknown,500,382,374,False,370,True,True,False,False,False,True,
9,0,V15_NEW_006197dc83ec323cae10,wc2JMjhGNzB,H_A,task_A,L3_B1_1209,continuation_run_003,fail,160,42,0,True,0,False,True,False,True,False,True,0.08496296405792236
10,0,V15_NEW_006197dc83ec323cae10,wc2JMjhGNzB,H_A,task_A,L3_B2_1209,continuation_run_003,fail,156,38,0,True,0,False,True,False,True,False,True,1.0350443720817566
11,0,V15_NEW_006197dc83ec323cae10,wc2JMjhGNzB,H_A,task_A,L3_Ours_1209,continuation_run_003,unknown,500,382,108,False,284,True,True,False,False,False,True,
12,0,V15_NEW_006197dc83ec323cae10,wc2JMjhGNzB,H_A,task_A,L3_B1_1210,continuation_run_003,fail,157,39,0,True,0,False,True,False,True,False,True,0.10397446155548096
13,0,V15_NEW_006197dc83ec323cae10,wc2JMjhGNzB,H_A,task_A,L3_B2_1210,continuation_run_003,fail,158,40,0,True,0,False,True,False,True,False,True,1.1045149564743042
14,0,V15_NEW_006197dc83ec323cae10,wc2JMjhGNzB,H_A,task_A,L3_Ours_1210,continuation_run_003,unknown,500,382,254,False,317,True,True,False,False,False,True,
15,0,V15_NEW_006197dc83ec323cae10,wc2JMjhGNzB,H_A,task_A,L3_B1_1211,continuation_run_003,unknown,500,382,314,False,309,True,True,False,False,False,True,
16,0,V15_NEW_006197dc83ec323cae10,wc2JMjhGNzB,H_A,task_A,L3_B2_1211,continuation_run_003,unknown,188,70,2,True,0,False,True,False,True,False,True,0.07869291305541992
17,0,V15_NEW_006197dc83ec323cae10,wc2JMjhGNzB,H_A,task_A,L3_Ours_1211,continuation_run_003,fail,500,382,0,False,282,True,True,False,False,False,True,
18,1,V15_NEW_006197dc83ec323cae10,wc2JMjhGNzB,H_A,task_B,S1_B2_1209,continuation_run_004,unknown,500,382,275,False,266,True,False,False,False,False,False,
19,1,V15_NEW_006197dc83ec323cae10,wc2JMjhGNzB,H_A,task_B,S1_Ours_1209,continuation_run_004,unknown,500,382,374,False,370,True,False,False,False,False,False,
20,1,V15_NEW_006197dc83ec323cae10,wc2JMjhGNzB,H_A,task_B,S1_B1_1210,continuation_run_004,unknown,500,382,11,False,124,True,False,False,False,False,False,
21,1,V15_NEW_006197dc83ec323cae10,wc2JMjhGNzB,H_A,task_B,S1_B2_1210,continuation_run_004,unknown,500,382,374,False,370,True,False,False,False,False,False,
22,1,V15_NEW_006197dc83ec323cae10,wc2JMjhGNzB,H_A,task_B,S1_Ours_1210,continuation_run_004,unknown,500,382,13,False,289,True,False,False,False,False,False,
23,1,V15_NEW_006197dc83ec323cae10,wc2JMjhGNzB,H_A,task_B,S1_B1_1211,continuation_run_004,fail,171,53,0,True,0,False,False,False,True,True,False,0.6867188811302185
24,1,V15_NEW_006197dc83ec323cae10,wc2JMjhGNzB,H_A,task_B,S1_B2_1211,continuation_run_004,unknown,500,382,374,False,370,True,False,False,False,False,False,
25,1,V15_NEW_006197dc83ec323cae10,wc2JMjhGNzB,H_A,task_B,S1_Ours_1211,continuation_run_004,unknown,500,382,374,False,370,True,False,False,False,False,False,
26,1,V15_NEW_006197dc83ec323cae10,wc2JMjhGNzB,H_A,task_B,L3_B1_1209,continuation_run_004,unknown,188,70,1,True,0,False,False,False,True,True,False,0.2670047879219055
27,1,V15_NEW_006197dc83ec323cae10,wc2JMjhGNzB,H_A,task_B,L3_B2_1209,continuation_run_004,fail,176,58,0,True,0,False,False,False,True,True,False,0.2115346798673272
28,1,V15_NEW_006197dc83ec323cae10,wc2JMjhGNzB,H_A,task_B,L3_Ours_1209,continuation_run_004,fail,177,59,0,True,0,False,False,False,True,True,False,0.1822216510772705
29,1,V15_NEW_006197dc83ec323cae10,wc2JMjhGNzB,H_A,task_B,L3_B1_1210,continuation_run_004,unknown,500,382,331,False,313,True,False,False,False,False,False,
30,1,V15_NEW_006197dc83ec323cae10,wc2JMjhGNzB,H_A,task_B,L3_B2_1210,continuation_run_004,fail,158,40,0,True,0,False,False,False,True,True,False,0.907985270023346
31,1,V15_NEW_006197dc83ec323cae10,wc2JMjhGNzB,H_A,task_B,L3_Ours_1210,continuation_run_004,unknown,500,382,320,False,308,True,False,False,False,False,False,
32,1,V15_NEW_006197dc83ec323cae10,wc2JMjhGNzB,H_A,task_B,L3_B1_1211,continuation_run_004,fail,171,53,0,True,0,False,False,False,True,True,False,0.8497050404548645
33,1,V15_NEW_006197dc83ec323cae10,wc2JMjhGNzB,H_A,task_B,L3_B2_1211,continuation_run_004,unknown,500,382,113,False,260,True,False,False,False,False,False,
34,1,V15_NEW_006197dc83ec323cae10,wc2JMjhGNzB,H_A,task_B,L3_Ours_1211,continuation_run_004,fail,500,382,0,False,245,True,False,False,False,False,False,
35,1,V15_NEW_006197dc83ec323cae10,wc2JMjhGNzB,H_A,task_B,S1_B1_1209,continuation_run_004,fail,164,46,0,True,0,False,False,False,True,True,False,0.02663332223892212
36,2,V15_NEW_006197dc83ec323cae10,wc2JMjhGNzB,H_B,task_A,S1_Ours_1209,continuation_run_004,fail,175,57,0,True,0,False,False,False,True,True,False,0.31891071796417236
37,2,V15_NEW_006197dc83ec323cae10,wc2JMjhGNzB,H_B,task_A,S1_B1_1210,continuation_run_004,pass,168,50,0,True,0,False,True,True,False,False,False,0.356088250875473
38,2,V15_NEW_006197dc83ec323cae10,wc2JMjhGNzB,H_B,task_A,S1_B2_1210,continuation_run_004,fail,500,382,0,False,282,True,False,False,False,False,False,
39,2,V15_NEW_006197dc83ec323cae10,wc2JMjhGNzB,H_B,task_A,S1_Ours_1210,continuation_run_004,fail,164,46,0,True,0,False,False,False,True,True,False,0.20182698965072632
40,2,V15_NEW_006197dc83ec323cae10,wc2JMjhGNzB,H_B,task_A,S1_B1_1211,continuation_run_004,fail,145,27,0,True,0,False,False,False,True,False,False,0.4032893180847168
41,2,V15_NEW_006197dc83ec323cae10,wc2JMjhGNzB,H_B,task_A,S1_B2_1211,continuation_run_004,fail,500,382,0,False,205,True,False,False,False,False,False,
42,2,V15_NEW_006197dc83ec323cae10,wc2JMjhGNzB,H_B,task_A,S1_Ours_1211,continuation_run_004,fail,170,52,0,True,0,False,False,False,True,True,False,1.5356551557779312
43,2,V15_NEW_006197dc83ec323cae10,wc2JMjhGNzB,H_B,task_A,L3_B1_1209,continuation_run_004,fail,179,61,0,True,0,False,False,False,True,True,False,0.13546371646225452
44,2,V15_NEW_006197dc83ec323cae10,wc2JMjhGNzB,H_B,task_A,L3_B2_1209,continuation_run_004,fail,156,38,0,True,0,False,False,False,True,True,False,1.0350443720817566
45,2,V15_NEW_006197dc83ec323cae10,wc2JMjhGNzB,H_B,task_A,L3_Ours_1209,continuation_run_004,unknown,500,382,103,False,271,True,False,False,False,False,False,
46,2,V15_NEW_006197dc83ec323cae10,wc2JMjhGNzB,H_B,task_A,L3_B1_1210,continuation_run_004,fail,157,39,0,True,0,False,False,False,True,True,False,0.10397446155548096
47,2,V15_NEW_006197dc83ec323cae10,wc2JMjhGNzB,H_B,task_A,L3_B2_1210,continuation_run_004,fail,158,40,0,True,0,False,False,False,True,True,False,1.1045149564743042
48,2,V15_NEW_006197dc83ec323cae10,wc2JMjhGNzB,H_B,task_A,L3_Ours_1210,continuation_run_004,unknown,500,382,254,False,317,True,False,False,False,False,False,
49,2,V15_NEW_006197dc83ec323cae10,wc2JMjhGNzB,H_B,task_A,L3_B1_1211,continuation_run_004,fail,500,382,0,False,285,True,False,False,False,False,False,
50,2,V15_NEW_006197dc83ec323cae10,wc2JMjhGNzB,H_B,task_A,L3_B2_1211,continuation_run_004,unknown,500,382,344,False,336,True,False,False,False,False,False,
51,2,V15_NEW_006197dc83ec323cae10,wc2JMjhGNzB,H_B,task_A,L3_Ours_1211,continuation_run_004,fail,500,382,0,False,326,True,True,False,False,False,True,
52,2,V15_NEW_006197dc83ec323cae10,wc2JMjhGNzB,H_B,task_A,S1_B1_1209,continuation_run_004,unknown,199,81,9,True,0,False,True,False,True,False,True,0.1072087287902832
53,2,V15_NEW_006197dc83ec323cae10,wc2JMjhGNzB,H_B,task_A,S1_B2_1209,continuation_run_004,fail,500,382,0,False,287,True,False,False,False,False,False,
54,3,V15_NEW_006197dc83ec323cae10,wc2JMjhGNzB,H_B,task_B,S1_B1_1210,continuation_run_004,unknown,500,382,198,False,187,True,True,False,False,False,True,
55,3,V15_NEW_006197dc83ec323cae10,wc2JMjhGNzB,H_B,task_B,S1_B2_1210,continuation_run_004,fail,500,382,0,False,262,True,True,False,False,False,True,
56,3,V15_NEW_006197dc83ec323cae10,wc2JMjhGNzB,H_B,task_B,S1_Ours_1210,continuation_run_004,unknown,500,382,329,False,318,True,True,False,False,False,True,
57,3,V15_NEW_006197dc83ec323cae10,wc2JMjhGNzB,H_B,task_B,S1_B1_1211,continuation_run_004,unknown,500,382,290,False,280,True,True,False,False,False,True,
58,3,V15_NEW_006197dc83ec323cae10,wc2JMjhGNzB,H_B,task_B,S1_B2_1211,continuation_run_004,fail,500,382,0,False,253,True,True,False,False,False,True,
59,3,V15_NEW_006197dc83ec323cae10,wc2JMjhGNzB,H_B,task_B,S1_Ours_1211,continuation_run_004,unknown,500,382,374,False,370,True,True,False,False,False,True,
60,3,V15_NEW_006197dc83ec323cae10,wc2JMjhGNzB,H_B,task_B,L3_B1_1209,continuation_run_004,fail,180,62,0,True,0,False,True,False,True,False,True,-0.997060239315033
61,3,V15_NEW_006197dc83ec323cae10,wc2JMjhGNzB,H_B,task_B,L3_B2_1209,continuation_run_004,fail,176,58,0,True,0,False,True,False,True,False,True,0.2115346798673272
62,3,V15_NEW_006197dc83ec323cae10,wc2JMjhGNzB,H_B,task_B,L3_Ours_1209,continuation_run_004,fail,177,59,0,True,0,False,True,False,True,False,True,0.1822216510772705
63,3,V15_NEW_006197dc83ec323cae10,wc2JMjhGNzB,H_B,task_B,L3_B1_1210,continuation_run_004,unknown,500,382,331,False,313,True,True,False,False,False,True,
64,3,V15_NEW_006197dc83ec323cae10,wc2JMjhGNzB,H_B,task_B,L3_B2_1210,continuation_run_004,fail,158,40,0,True,0,False,True,False,True,False,True,0.907985270023346
65,3,V15_NEW_006197dc83ec323cae10,wc2JMjhGNzB,H_B,task_B,L3_Ours_1210,continuation_run_004,unknown,163,45,1,True,0,False,True,False,True,False,True,0.5307703018188477
66,3,V15_NEW_006197dc83ec323cae10,wc2JMjhGNzB,H_B,task_B,L3_B1_1211,continuation_run_004,fail,193,75,0,True,0,False,True,False,True,False,True,0.3100060671567917
67,3,V15_NEW_006197dc83ec323cae10,wc2JMjhGNzB,H_B,task_B,L3_B2_1211,continuation_run_004,unknown,500,382,344,False,336,True,True,False,False,False,True,
68,3,V15_NEW_006197dc83ec323cae10,wc2JMjhGNzB,H_B,task_B,L3_Ours_1211,continuation_run_004,fail,500,382,0,False,281,True,True,False,False,False,True,
69,3,V15_NEW_006197dc83ec323cae10,wc2JMjhGNzB,H_B,task_B,S1_B1_1209,continuation_run_004,fail,145,27,0,True,0,False,True,False,True,False,True,0.500761479139328
70,3,V15_NEW_006197dc83ec323cae10,wc2JMjhGNzB,H_B,task_B,S1_B2_1209,continuation_run_004,fail,500,382,0,False,255,True,True,False,False,False,True,
71,3,V15_NEW_006197dc83ec323cae10,wc2JMjhGNzB,H_B,task_B,S1_Ours_1209,continuation_run_004,unknown,500,382,374,False,370,True,True,False,False,False,True,
72,4,V15_NEW_068de151fa7683275c29,wc2JMjhGNzB,H_A,task_A,S1_B2_1210,continuation_run_004,unknown,500,382,8,False,251,True,True,False,False,False,True,
73,4,V15_NEW_068de151fa7683275c29,wc2JMjhGNzB,H_A,task_A,S1_Ours_1210,continuation_run_004,unknown,500,382,233,False,261,True,True,False,False,False,True,
74,4,V15_NEW_068de151fa7683275c29,wc2JMjhGNzB,H_A,task_A,S1_B1_1211,continuation_run_004,unknown,500,382,314,False,285,True,True,False,False,False,True,
75,4,V15_NEW_068de151fa7683275c29,wc2JMjhGNzB,H_A,task_A,S1_B2_1211,continuation_run_004,fail,500,382,0,False,248,True,True,False,False,False,True,
76,4,V15_NEW_068de151fa7683275c29,wc2JMjhGNzB,H_A,task_A,S1_Ours_1211,continuation_run_004,fail,166,48,0,True,0,False,True,False,True,False,True,0.17490078508853912
77,4,V15_NEW_068de151fa7683275c29,wc2JMjhGNzB,H_A,task_A,L3_B1_1209,continuation_run_004,fail,164,46,0,True,0,False,True,False,True,False,True,0.11163514852523804
78,4,V15_NEW_068de151fa7683275c29,wc2JMjhGNzB,H_A,task_A,L3_B2_1209,continuation_run_004,fail,203,85,0,True,0,False,True,False,True,False,True,0.5364357829093933
79,4,V15_NEW_068de151fa7683275c29,wc2JMjhGNzB,H_A,task_A,L3_Ours_1209,continuation_run_004,unknown,500,382,51,False,204,True,True,False,False,False,True,
80,4,V15_NEW_068de151fa7683275c29,wc2JMjhGNzB,H_A,task_A,L3_B1_1210,continuation_run_004,fail,156,38,0,True,0,False,True,False,True,False,True,0.5323269367218018
81,4,V15_NEW_068de151fa7683275c29,wc2JMjhGNzB,H_A,task_A,L3_B2_1210,continuation_run_004,fail,156,38,0,True,0,False,True,False,True,False,True,0.5323269367218018
82,4,V15_NEW_068de151fa7683275c29,wc2JMjhGNzB,H_A,task_A,L3_Ours_1210,continuation_run_004,fail,156,38,0,True,0,False,True,False,True,False,True,0.5323269367218018
83,4,V15_NEW_068de151fa7683275c29,wc2JMjhGNzB,H_A,task_A,L3_B1_1211,continuation_run_004,fail,166,48,0,True,0,False,True,False,True,False,True,0.20957118272781372
84,4,V15_NEW_068de151fa7683275c29,wc2JMjhGNzB,H_A,task_A,L3_B2_1211,continuation_run_004,fail,164,46,0,True,0,False,True,False,True,False,True,0.08766838908195496
85,4,V15_NEW_068de151fa7683275c29,wc2JMjhGNzB,H_A,task_A,L3_Ours_1211,continuation_run_004,unknown,500,382,104,False,243,True,True,False,False,False,True,
86,4,V15_NEW_068de151fa7683275c29,wc2JMjhGNzB,H_A,task_A,S1_B1_1209,continuation_run_004,fail,477,359,0,True,262,False,True,False,True,False,True,1.059259757399559
87,4,V15_NEW_068de151fa7683275c29,wc2JMjhGNzB,H_A,task_A,S1_B2_1209,continuation_run_004,fail,500,382,0,False,243,True,True,False,False,False,True,
88,4,V15_NEW_068de151fa7683275c29,wc2JMjhGNzB,H_A,task_A,S1_Ours_1209,continuation_run_004,unknown,500,382,334,False,317,True,True,False,False,False,True,
89,4,V15_NEW_068de151fa7683275c29,wc2JMjhGNzB,H_A,task_A,S1_B1_1210,continuation_run_004,fail,500,382,0,False,298,True,True,False,False,False,True,
90,5,V15_NEW_068de151fa7683275c29,wc2JMjhGNzB,H_A,task_B,S1_Ours_1210,continuation_run_004,fail,174,56,0,True,0,False,False,False,True,True,False,0.028853103518486023
91,5,V15_NEW_068de151fa7683275c29,wc2JMjhGNzB,H_A,task_B,S1_B1_1211,continuation_run_004,unknown,500,382,20,False,280,True,False,False,False,False,False,
92,5,V15_NEW_068de151fa7683275c29,wc2JMjhGNzB,H_A,task_B,S1_B2_1211,continuation_run_004,unknown,500,382,374,False,370,True,False,False,False,False,False,
93,5,V15_NEW_068de151fa7683275c29,wc2JMjhGNzB,H_A,task_B,S1_Ours_1211,continuation_run_004,fail,171,53,0,True,0,False,False,False,True,True,False,0.3581762760877609
94,5,V15_NEW_068de151fa7683275c29,wc2JMjhGNzB,H_A,task_B,L3_B1_1209,continuation_run_004,fail,164,46,0,True,0,False,False,False,True,True,False,0.3057144284248352
95,5,V15_NEW_068de151fa7683275c29,wc2JMjhGNzB,H_A,task_B,L3_B2_1209,continuation_run_004,unknown,500,382,374,False,370,True,False,False,False,False,False,
96,5,V15_NEW_068de151fa7683275c29,wc2JMjhGNzB,H_A,task_B,L3_Ours_1209,continuation_run_004,fail,174,56,0,True,0,False,False,False,True,True,False,-1.187985897064209
97,5,V15_NEW_068de151fa7683275c29,wc2JMjhGNzB,H_A,task_B,L3_B1_1210,continuation_run_004,unknown,500,382,271,False,260,True,False,False,False,False,False,
98,5,V15_NEW_068de151fa7683275c29,wc2JMjhGNzB,H_A,task_B,L3_B2_1210,continuation_run_004,unknown,500,382,3,False,238,True,False,False,False,False,False,
99,5,V15_NEW_068de151fa7683275c29,wc2JMjhGNzB,H_A,task_B,L3_Ours_1210,continuation_run_004,fail,171,53,0,True,0,False,False,False,True,True,False,0.5178327448666096
100,5,V15_NEW_068de151fa7683275c29,wc2JMjhGNzB,H_A,task_B,L3_B1_1211,continuation_run_004,fail,167,49,0,True,0,False,False,False,True,True,False,0.3476448953151703
101,5,V15_NEW_068de151fa7683275c29,wc2JMjhGNzB,H_A,task_B,L3_B2_1211,continuation_run_004,fail,164,46,0,True,0,False,False,False,True,True,False,0.02547958493232727
102,5,V15_NEW_068de151fa7683275c29,wc2JMjhGNzB,H_A,task_B,L3_Ours_1211,continuation_run_004,fail,185,67,0,True,0,False,False,False,True,True,False,0.44566337764263153
103,5,V15_NEW_068de151fa7683275c29,wc2JMjhGNzB,H_A,task_B,S1_B1_1209,continuation_run_004,fail,160,42,0,True,0,False,False,False,True,True,False,0.2139720916748047
104,5,V15_NEW_068de151fa7683275c29,wc2JMjhGNzB,H_A,task_B,S1_B2_1209,continuation_run_004,unknown,500,382,374,False,370,True,False,False,False,False,False,
105,5,V15_NEW_068de151fa7683275c29,wc2JMjhGNzB,H_A,task_B,S1_Ours_1209,continuation_run_004,unknown,205,87,2,True,0,False,False,False,True,True,False,0.3428388833999634
106,5,V15_NEW_068de151fa7683275c29,wc2JMjhGNzB,H_A,task_B,S1_B1_1210,continuation_run_004,fail,156,38,0,True,0,False,False,False,True,True,False,0.21233445405960083
107,5,V15_NEW_068de151fa7683275c29,wc2JMjhGNzB,H_A,task_B,S1_B2_1210,continuation_run_004,unknown,500,382,374,False,370,True,False,False,False,False,False,
108,6,V15_NEW_068de151fa7683275c29,wc2JMjhGNzB,H_B,task_A,S1_B1_1211,continuation_run_004,fail,159,41,0,True,0,False,False,False,True,True,False,0.2652571201324463
109,6,V15_NEW_068de151fa7683275c29,wc2JMjhGNzB,H_B,task_A,S1_B2_1211,continuation_run_004,fail,500,382,0,False,227,True,False,False,False,False,False,
110,6,V15_NEW_068de151fa7683275c29,wc2JMjhGNzB,H_B,task_A,S1_Ours_1211,continuation_run_004,fail,166,48,0,True,0,False,False,False,True,True,False,0.17490078508853912
111,6,V15_NEW_068de151fa7683275c29,wc2JMjhGNzB,H_B,task_A,L3_B1_1209,continuation_run_004,fail,174,56,0,True,0,False,False,False,True,True,False,1.118864893913269
112,6,V15_NEW_068de151fa7683275c29,wc2JMjhGNzB,H_B,task_A,L3_B2_1209,continuation_run_004,unknown,500,382,168,False,162,True,False,False,False,False,False,
113,6,V15_NEW_068de151fa7683275c29,wc2JMjhGNzB,H_B,task_A,L3_Ours_1209,continuation_run_004,unknown,500,382,278,False,275,True,False,False,False,False,False,
114,6,V15_NEW_068de151fa7683275c29,wc2JMjhGNzB,H_B,task_A,L3_B1_1210,continuation_run_004,fail,156,38,0,True,0,False,False,False,True,True,False,0.5323269367218018
115,6,V15_NEW_068de151fa7683275c29,wc2JMjhGNzB,H_B,task_A,L3_B2_1210,continuation_run_004,unknown,169,51,2,True,0,False,False,False,True,True,False,0.241448774933815
116,6,V15_NEW_068de151fa7683275c29,wc2JMjhGNzB,H_B,task_A,L3_Ours_1210,continuation_run_004,fail,156,38,0,True,0,False,False,False,True,True,False,0.5323269367218018
117,6,V15_NEW_068de151fa7683275c29,wc2JMjhGNzB,H_B,task_A,L3_B1_1211,continuation_run_004,fail,500,382,0,False,274,True,False,False,False,False,False,
118,6,V15_NEW_068de151fa7683275c29,wc2JMjhGNzB,H_B,task_A,L3_B2_1211,continuation_run_004,fail,164,46,0,True,0,False,False,False,True,True,False,0.08766838908195496
119,6,V15_NEW_068de151fa7683275c29,wc2JMjhGNzB,H_B,task_A,L3_Ours_1211,continuation_run_004,fail,170,52,0,True,0,False,False,False,True,True,False,0.03517109155654907
120,6,V15_NEW_068de151fa7683275c29,wc2JMjhGNzB,H_B,task_A,S1_B1_1209,continuation_run_004,fail,500,382,0,False,286,True,False,False,False,False,False,
121,6,V15_NEW_068de151fa7683275c29,wc2JMjhGNzB,H_B,task_A,S1_B2_1209,continuation_run_004,fail,152,34,0,True,0,False,False,False,False,True,False,0.09353575855493546
122,6,V15_NEW_068de151fa7683275c29,wc2JMjhGNzB,H_B,task_A,S1_Ours_1209,continuation_run_004,fail,166,48,0,True,0,False,False,False,True,True,False,0.17490078508853912
123,6,V15_NEW_068de151fa7683275c29,wc2JMjhGNzB,H_B,task_A,S1_B1_1210,continuation_run_004,unknown,226,108,4,True,0,False,False,False,True,True,False,0.02719414234161377
124,6,V15_NEW_068de151fa7683275c29,wc2JMjhGNzB,H_B,task_A,S1_B2_1210,continuation_run_004,unknown,500,382,8,False,251,True,False,False,False,False,False,
125,6,V15_NEW_068de151fa7683275c29,wc2JMjhGNzB,H_B,task_A,S1_Ours_1210,continuation_run_004,unknown,500,382,222,False,261,True,False,False,False,False,False,
126,7,V15_NEW_068de151fa7683275c29,wc2JMjhGNzB,H_B,task_B,S1_B2_1211,continuation_run_004,fail,185,67,0,True,0,False,True,False,True,False,True,0.7742912769317627
127,7,V15_NEW_068de151fa7683275c29,wc2JMjhGNzB,H_B,task_B,S1_Ours_1211,continuation_run_004,fail,171,53,0,True,0,False,True,False,True,False,True,0.3581762760877609
128,7,V15_NEW_068de151fa7683275c29,wc2JMjhGNzB,H_B,task_B,L3_B1_1209,continuation_run_004,unknown,199,81,19,True,11,False,True,False,True,False,True,0.08054783940315247
129,7,V15_NEW_068de151fa7683275c29,wc2JMjhGNzB,H_B,task_B,L3_B2_1209,continuation_run_004,unknown,500,382,374,False,370,True,True,False,False,False,True,
130,7,V15_NEW_068de151fa7683275c29,wc2JMjhGNzB,H_B,task_B,L3_Ours_1209,continuation_run_004,fail,169,51,0,True,0,False,True,False,True,False,True,0.4142545610666275
131,7,V15_NEW_068de151fa7683275c29,wc2JMjhGNzB,H_B,task_B,L3_B1_1210,continuation_run_004,unknown,500,382,271,False,260,True,True,False,False,False,True,
132,7,V15_NEW_068de151fa7683275c29,wc2JMjhGNzB,H_B,task_B,L3_B2_1210,continuation_run_004,fail,169,51,0,True,0,False,True,False,True,False,True,0.16137820482254028
133,7,V15_NEW_068de151fa7683275c29,wc2JMjhGNzB,H_B,task_B,L3_Ours_1210,continuation_run_004,fail,171,53,0,True,0,False,True,False,True,False,True,0.5178327448666096
134,7,V15_NEW_068de151fa7683275c29,wc2JMjhGNzB,H_B,task_B,L3_B1_1211,continuation_run_004,fail,170,52,0,True,0,False,True,False,True,False,True,0.814232662320137
135,7,V15_NEW_068de151fa7683275c29,wc2JMjhGNzB,H_B,task_B,L3_B2_1211,continuation_run_004,fail,164,46,0,True,0,False,True,False,True,False,True,0.02547958493232727
136,7,V15_NEW_068de151fa7683275c29,wc2JMjhGNzB,H_B,task_B,L3_Ours_1211,continuation_run_004,unknown,500,382,317,False,299,True,True,False,False,False,True,
137,7,V15_NEW_068de151fa7683275c29,wc2JMjhGNzB,H_B,task_B,S1_B1_1209,continuation_run_004,unknown,500,382,89,False,260,True,True,False,False,False,True,
138,7,V15_NEW_068de151fa7683275c29,wc2JMjhGNzB,H_B,task_B,S1_B2_1209,continuation_run_004,fail,500,382,0,False,310,True,True,False,False,False,True,
139,7,V15_NEW_068de151fa7683275c29,wc2JMjhGNzB,H_B,task_B,S1_Ours_1209,continuation_run_004,unknown,205,87,2,True,0,False,True,False,True,False,True,0.3428388833999634
140,7,V15_NEW_068de151fa7683275c29,wc2JMjhGNzB,H_B,task_B,S1_B1_1210,continuation_run_004,unknown,500,382,328,False,320,True,True,False,False,False,True,
141,7,V15_NEW_068de151fa7683275c29,wc2JMjhGNzB,H_B,task_B,S1_B2_1210,continuation_run_004,unknown,500,382,6,False,272,True,True,False,False,False,True,
142,7,V15_NEW_068de151fa7683275c29,wc2JMjhGNzB,H_B,task_B,S1_Ours_1210,continuation_run_004,unknown,500,382,334,False,324,True,True,False,False,False,True,
143,7,V15_NEW_068de151fa7683275c29,wc2JMjhGNzB,H_B,task_B,S1_B1_1211,continuation_run_004,unknown,500,382,16,False,280,True,True,False,False,False,True,
144,8,V15_NEW_0705ac616e1f9e215208,wc2JMjhGNzB,H_A,task_A,S1_Ours_1211,continuation_run_004,unknown,500,394,248,False,329,True,False,False,False,False,False,
145,8,V15_NEW_0705ac616e1f9e215208,wc2JMjhGNzB,H_A,task_A,L3_B1_1209,continuation_run_004,fail,148,42,0,True,0,False,False,False,True,False,False,1.0808945298194885
146,8,V15_NEW_0705ac616e1f9e215208,wc2JMjhGNzB,H_A,task_A,L3_B2_1209,continuation_run_004,unknown,500,394,325,False,345,True,False,False,False,False,False,
147,8,V15_NEW_0705ac616e1f9e215208,wc2JMjhGNzB,H_A,task_A,L3_Ours_1209,continuation_run_004,fail,143,37,0,True,0,False,False,False,True,False,False,0.2876766473054886
148,8,V15_NEW_0705ac616e1f9e215208,wc2JMjhGNzB,H_A,task_A,L3_B1_1210,continuation_run_004,fail,148,42,0,True,0,False,False,False,True,False,False,0.25208739191293716
149,8,V15_NEW_0705ac616e1f9e215208,wc2JMjhGNzB,H_A,task_A,L3_B2_1210,continuation_run_004,fail,500,394,0,False,261,True,False,False,False,False,False,
150,8,V15_NEW_0705ac616e1f9e215208,wc2JMjhGNzB,H_A,task_A,L3_Ours_1210,continuation_run_004,unknown,500,394,168,False,306,True,False,False,False,False,False,
151,8,V15_NEW_0705ac616e1f9e215208,wc2JMjhGNzB,H_A,task_A,L3_B1_1211,continuation_run_004,fail,500,394,0,False,296,True,False,False,False,False,False,
152,8,V15_NEW_0705ac616e1f9e215208,wc2JMjhGNzB,H_A,task_A,L3_B2_1211,continuation_run_004,unknown,500,394,229,False,265,True,False,False,False,False,False,
153,8,V15_NEW_0705ac616e1f9e215208,wc2JMjhGNzB,H_A,task_A,L3_Ours_1211,continuation_run_004,fail,144,38,0,True,0,False,False,False,True,False,False,1.072131797671318
154,8,V15_NEW_0705ac616e1f9e215208,wc2JMjhGNzB,H_A,task_A,S1_B1_1209,continuation_run_004,fail,153,47,0,True,0,False,False,False,True,False,False,0.38035259768366814
155,8,V15_NEW_0705ac616e1f9e215208,wc2JMjhGNzB,H_A,task_A,S1_B2_1209,continuation_run_004,unknown,500,394,386,False,383,True,False,False,False,False,False,
156,8,V15_NEW_0705ac616e1f9e215208,wc2JMjhGNzB,H_A,task_A,S1_Ours_1209,continuation_run_004,unknown,500,394,386,False,383,True,False,False,False,False,False,
157,8,V15_NEW_0705ac616e1f9e215208,wc2JMjhGNzB,H_A,task_A,S1_B1_1210,continuation_run_004,fail,167,61,0,True,0,False,False,False,True,False,False,1.2643772037699819
158,8,V15_NEW_0705ac616e1f9e215208,wc2JMjhGNzB,H_A,task_A,S1_B2_1210,continuation_run_004,unknown,500,394,386,False,383,True,False,False,False,False,False,
159,8,V15_NEW_0705ac616e1f9e215208,wc2JMjhGNzB,H_A,task_A,S1_Ours_1210,continuation_run_004,unknown,500,394,234,False,224,True,False,False,False,False,False,
160,8,V15_NEW_0705ac616e1f9e215208,wc2JMjhGNzB,H_A,task_A,S1_B1_1211,continuation_run_004,fail,152,46,0,True,0,False,False,False,True,False,False,0.45445647835731506
161,8,V15_NEW_0705ac616e1f9e215208,wc2JMjhGNzB,H_A,task_A,S1_B2_1211,continuation_run_004,unknown,500,394,386,False,383,True,False,False,False,False,False,
162,9,V15_NEW_0705ac616e1f9e215208,wc2JMjhGNzB,H_A,task_B,L3_B1_1209,continuation_run_004,fail,148,42,0,True,0,False,False,False,True,True,False,0.9451509714126587
163,9,V15_NEW_0705ac616e1f9e215208,wc2JMjhGNzB,H_A,task_B,L3_B2_1209,continuation_run_004,fail,202,96,0,True,0,False,False,False,True,True,False,1.2961314022541046
164,9,V15_NEW_0705ac616e1f9e215208,wc2JMjhGNzB,H_A,task_B,L3_Ours_1209,continuation_run_004,unknown,500,394,386,False,383,True,False,False,False,False,False,
165,9,V15_NEW_0705ac616e1f9e215208,wc2JMjhGNzB,H_A,task_B,L3_B1_1210,continuation_run_004,fail,174,68,0,True,0,False,False,False,True,True,False,0.4317701756954193
166,9,V15_NEW_0705ac616e1f9e215208,wc2JMjhGNzB,H_A,task_B,L3_B2_1210,continuation_run_004,unknown,182,76,3,True,0,False,False,False,True,True,False,0.12157970666885376
167,9,V15_NEW_0705ac616e1f9e215208,wc2JMjhGNzB,H_A,task_B,L3_Ours_1210,continuation_run_004,fail,147,41,0,True,0,False,False,False,True,True,False,0.08311933279037476
168,9,V15_NEW_0705ac616e1f9e215208,wc2JMjhGNzB,H_A,task_B,L3_B1_1211,continuation_run_004,unknown,171,65,1,True,0,False,False,False,True,True,False,0.11005993187427521
169,9,V15_NEW_0705ac616e1f9e215208,wc2JMjhGNzB,H_A,task_B,L3_B2_1211,continuation_run_004,fail,500,394,0,False,266,True,False,False,False,False,False,
170,9,V15_NEW_0705ac616e1f9e215208,wc2JMjhGNzB,H_A,task_B,L3_Ours_1211,continuation_run_004,fail,144,38,0,True,0,False,False,False,True,True,False,0.7738599739968777
171,9,V15_NEW_0705ac616e1f9e215208,wc2JMjhGNzB,H_A,task_B,S1_B1_1209,continuation_run_004,fail,152,46,0,True,0,False,False,False,True,True,False,0.3004632443189621
172,9,V15_NEW_0705ac616e1f9e215208,wc2JMjhGNzB,H_A,task_B,S1_B2_1209,continuation_run_004,fail,178,72,0,True,0,False,False,False,True,True,False,0.36480873823165894
173,9,V15_NEW_0705ac616e1f9e215208,wc2JMjhGNzB,H_A,task_B,S1_Ours_1209,continuation_run_004,unknown,500,394,386,False,383,True,False,False,False,False,False,
174,9,V15_NEW_0705ac616e1f9e215208,wc2JMjhGNzB,H_A,task_B,S1_B1_1210,continuation_run_004,fail,142,36,0,True,0,False,False,False,True,True,False,0.43219976127147675
175,9,V15_NEW_0705ac616e1f9e215208,wc2JMjhGNzB,H_A,task_B,S1_B2_1210,continuation_run_004,unknown,500,394,386,False,383,True,False,False,False,False,False,
176,9,V15_NEW_0705ac616e1f9e215208,wc2JMjhGNzB,H_A,task_B,S1_Ours_1210,continuation_run_004,fail,500,394,0,False,281,True,False,False,False,False,False,
177,9,V15_NEW_0705ac616e1f9e215208,wc2JMjhGNzB,H_A,task_B,S1_B1_1211,continuation_run_004,fail,153,47,0,True,0,False,False,False,True,True,False,0.5028851628303528
178,9,V15_NEW_0705ac616e1f9e215208,wc2JMjhGNzB,H_A,task_B,S1_B2_1211,continuation_run_004,unknown,500,394,386,False,383,True,False,False,False,False,False,
179,9,V15_NEW_0705ac616e1f9e215208,wc2JMjhGNzB,H_A,task_B,S1_Ours_1211,continuation_run_004,unknown,500,394,236,False,310,True,False,False,False,False,False,
180,10,V15_NEW_0705ac616e1f9e215208,wc2JMjhGNzB,H_B,task_A,L3_B2_1209,continuation_run_004,fail,202,96,0,True,0,False,False,False,True,True,False,1.0380620956420898
181,10,V15_NEW_0705ac616e1f9e215208,wc2JMjhGNzB,H_B,task_A,L3_Ours_1209,continuation_run_004,fail,143,37,0,True,0,False,False,False,True,True,False,0.2876766473054886
182,10,V15_NEW_0705ac616e1f9e215208,wc2JMjhGNzB,H_B,task_A,L3_B1_1210,continuation_run_004,fail,148,42,0,True,0,False,False,False,True,True,False,0.25208739191293716
183,10,V15_NEW_0705ac616e1f9e215208,wc2JMjhGNzB,H_B,task_A,L3_B2_1210,continuation_run_004,fail,164,58,0,True,0,False,False,False,True,True,False,0.016001760959625244
184,10,V15_NEW_0705ac616e1f9e215208,wc2JMjhGNzB,H_B,task_A,L3_Ours_1210,continuation_run_004,fail,144,38,0,True,0,False,False,False,True,True,False,1.072131797671318
185,10,V15_NEW_0705ac616e1f9e215208,wc2JMjhGNzB,H_B,task_A,L3_B1_1211,continuation_run_004,fail,164,58,0,True,0,False,False,False,True,True,False,1.6537327766418457
186,10,V15_NEW_0705ac616e1f9e215208,wc2JMjhGNzB,H_B,task_A,L3_B2_1211,continuation_run_004,unknown,500,394,243,False,265,True,False,False,False,False,False,
187,10,V15_NEW_0705ac616e1f9e215208,wc2JMjhGNzB,H_B,task_A,L3_Ours_1211,continuation_run_004,fail,154,48,0,True,0,False,False,False,True,True,False,0.015528857707977295
188,10,V15_NEW_0705ac616e1f9e215208,wc2JMjhGNzB,H_B,task_A,S1_B1_1209,continuation_run_004,fail,153,47,0,True,0,False,False,False,True,True,False,0.38035259768366814
189,10,V15_NEW_0705ac616e1f9e215208,wc2JMjhGNzB,H_B,task_A,S1_B2_1209,continuation_run_004,fail,500,394,0,False,296,True,False,False,False,False,False,
190,10,V15_NEW_0705ac616e1f9e215208,wc2JMjhGNzB,H_B,task_A,S1_Ours_1209,continuation_run_004,unknown,500,394,386,False,383,True,False,False,False,False,False,
191,10,V15_NEW_0705ac616e1f9e215208,wc2JMjhGNzB,H_B,task_A,S1_B1_1210,continuation_run_004,fail,143,37,0,True,0,False,False,False,True,True,False,0.18267765641212463
192,10,V15_NEW_0705ac616e1f9e215208,wc2JMjhGNzB,H_B,task_A,S1_B2_1210,continuation_run_004,unknown,500,394,386,False,383,True,False,False,False,False,False,
193,10,V15_NEW_0705ac616e1f9e215208,wc2JMjhGNzB,H_B,task_A,S1_Ours_1210,continuation_run_004,fail,177,71,0,True,0,False,False,False,True,True,False,0.8745688498020172
194,10,V15_NEW_0705ac616e1f9e215208,wc2JMjhGNzB,H_B,task_A,S1_B1_1211,continuation_run_004,fail,154,48,0,True,0,False,False,False,True,True,False,0.11289281770586967
195,10,V15_NEW_0705ac616e1f9e215208,wc2JMjhGNzB,H_B,task_A,S1_B2_1211,continuation_run_004,fail,146,40,0,True,0,False,False,False,True,True,False,0.8908978700637817
196,10,V15_NEW_0705ac616e1f9e215208,wc2JMjhGNzB,H_B,task_A,S1_Ours_1211,continuation_run_004,unknown,500,394,240,False,329,True,False,False,False,False,False,
197,10,V15_NEW_0705ac616e1f9e215208,wc2JMjhGNzB,H_B,task_A,L3_B1_1209,continuation_run_004,fail,148,42,0,True,0,False,False,False,True,True,False,1.0808945298194885
198,11,V15_NEW_0705ac616e1f9e215208,wc2JMjhGNzB,H_B,task_B,L3_Ours_1209,continuation_run_004,unknown,500,394,386,False,383,True,True,False,False,False,True,
199,11,V15_NEW_0705ac616e1f9e215208,wc2JMjhGNzB,H_B,task_B,L3_B1_1210,continuation_run_004,fail,174,68,0,True,0,False,True,False,True,False,True,0.4317701756954193
200,11,V15_NEW_0705ac616e1f9e215208,wc2JMjhGNzB,H_B,task_B,L3_B2_1210,continuation_run_004,unknown,205,99,2,True,0,False,True,False,True,False,True,0.07232439517974854
201,11,V15_NEW_0705ac616e1f9e215208,wc2JMjhGNzB,H_B,task_B,L3_Ours_1210,continuation_run_004,unknown,500,394,298,False,294,True,True,False,False,False,True,
202,11,V15_NEW_0705ac616e1f9e215208,wc2JMjhGNzB,H_B,task_B,L3_B1_1211,continuation_run_004,fail,500,394,0,False,197,True,True,False,False,False,True,
203,11,V15_NEW_0705ac616e1f9e215208,wc2JMjhGNzB,H_B,task_B,L3_B2_1211,continuation_run_004,fail,201,95,0,True,0,False,True,False,True,False,True,0.8172239661216736
204,11,V15_NEW_0705ac616e1f9e215208,wc2JMjhGNzB,H_B,task_B,L3_Ours_1211,continuation_run_004,fail,181,75,0,True,0,False,True,False,True,False,True,0.23891235142946243
205,11,V15_NEW_0705ac616e1f9e215208,wc2JMjhGNzB,H_B,task_B,S1_B1_1209,continuation_run_004,fail,152,46,0,True,0,False,True,False,True,False,True,0.3004632443189621
206,11,V15_NEW_0705ac616e1f9e215208,wc2JMjhGNzB,H_B,task_B,S1_B2_1209,continuation_run_004,fail,500,394,0,False,272,True,True,False,False,False,True,
207,11,V15_NEW_0705ac616e1f9e215208,wc2JMjhGNzB,H_B,task_B,S1_Ours_1209,continuation_run_004,unknown,500,394,386,False,383,True,True,False,False,False,True,
208,11,V15_NEW_0705ac616e1f9e215208,wc2JMjhGNzB,H_B,task_B,S1_B1_1210,continuation_run_004,fail,196,90,0,True,0,False,True,False,True,False,True,0.2226697877049446
209,11,V15_NEW_0705ac616e1f9e215208,wc2JMjhGNzB,H_B,task_B,S1_B2_1210,continuation_run_004,unknown,500,394,386,False,383,True,True,False,False,False,True,
210,11,V15_NEW_0705ac616e1f9e215208,wc2JMjhGNzB,H_B,task_B,S1_Ours_1210,continuation_run_004,fail,500,394,0,False,240,True,True,False,False,False,True,
211,11,V15_NEW_0705ac616e1f9e215208,wc2JMjhGNzB,H_B,task_B,S1_B1_1211,continuation_run_004,fail,164,58,0,True,0,False,True,False,True,False,True,0.3288547396659851
212,11,V15_NEW_0705ac616e1f9e215208,wc2JMjhGNzB,H_B,task_B,S1_B2_1211,continuation_run_004,fail,197,91,0,True,0,False,True,False,True,False,True,0.4450584053993225
213,11,V15_NEW_0705ac616e1f9e215208,wc2JMjhGNzB,H_B,task_B,S1_Ours_1211,continuation_run_004,unknown,500,394,233,False,310,True,True,False,False,False,True,
214,11,V15_NEW_0705ac616e1f9e215208,wc2JMjhGNzB,H_B,task_B,L3_B1_1209,continuation_run_004,fail,148,42,0,True,0,False,True,False,True,False,True,0.9451509714126587
215,11,V15_NEW_0705ac616e1f9e215208,wc2JMjhGNzB,H_B,task_B,L3_B2_1209,continuation_run_004,fail,246,140,0,True,0,False,True,False,True,False,True,0.8357296586036682
